-- Bảng 1.2: Chức Vụ
INSERT INTO ChucVu (MaCV, TenCV, MoTa) VALUES
('GD', N'Giám đốc', N'Giám đốc điều hành'),
('TP', N'Trưởng phòng', N'Quản lý, điều hành phòng ban'),
('PP', N'Phó phòng', N'Phó quản lý, hỗ trợ trưởng phòng'),
('CVCC', N'Chuyên viên cao cấp', N'Chuyên viên có kinh nghiệm và chuyên môn cao'),
('CV', N'Chuyên viên', N'Nhân viên nghiệp vụ chính'),
('NV', N'Nhân viên', N'Nhân viên nghiệp vụ');
--- bảng Tham số
INSERT INTO ThamSoHeThong (MaTS, TenThamSo, GiaTri, NgayApDung) VALUES
('BHTN_NV', N'Tỷ lệ NV đóng BHTN', '1.0', '2014-01-01'),
('BHXH_NV', N'Tỷ lệ NV đóng BHXH', '8.0', '2014-01-01'),
('BHXH_TRAN', N'Trần đóng BHXH', '36000000', '2024-01-01'),
('BHYT_NV', N'Tỷ lệ NV đóng BHYT', '1.5', '2014-01-01'),
('GIAMTRU_BANTHAN', N'Mức giảm trừ gia cảnh bản thân', '11000000', '2020-07-01'),
('GIAMTRU_NGUOIPHUTHUOC', N'Mức giảm trừ gia cảnh người phụ thuộc', '4400000', '2020-07-01'),
('HS_TC_CUOITUAN', N'Hệ số tăng ca cuối tuần', '2.0', '2021-01-01'),
('HS_TC_NGAYLE', N'Hệ số tăng ca ngày lễ', '3.0', '2021-01-01'),
('HS_TC_NGAYTHUONG', N'Hệ số tăng ca ngày thường', '1.5', '2021-01-01'),
('SOGIOCONG_CHUAN', N'Số giờ công chuẩn 1 ngày', '8.0', '2024-01-01'),
('SONGAYCONG_CHUAN', N'Số ngày công chuẩn trong tháng', '22.0', '2024-01-01'),
('THUE_BAC_1', N'Biểu thuế Bậc 1 (Đến 5tr)', '5.0', '2014-01-01'),
('THUE_BAC_2', N'Biểu thuế Bậc 2 (Trên 5tr - 10tr)', '10.0', '2014-01-01'),
('THUE_BAC_3', N'Biểu thuế Bậc 3 (Trên 10tr - 18tr)', '15.0', '2014-01-01'),
('THUE_BAC_4', N'Biểu thuế Bậc 4 (Trên 18tr - 32tr)', '20.0', '2014-01-01'),
('THUE_BAC_5', N'Biểu thuế Bậc 5 (Trên 32tr - 52tr)', '25.0', '2014-01-01'),
('THUE_BAC_6', N'Biểu thuế Bậc 6 (Trên 52tr - 80tr)', '30.0', '2014-01-01'),
('THUE_BAC_7', N'Biểu thuế Bậc 7 (Trên 80tr)', '35.0', '2014-01-01'),
('THUE_NGUONG_1', N'Ngưỡng chịu thuế Bậc 1', '5000000', '2014-01-01'),
('THUE_NGUONG_2', N'Ngưỡng chịu thuế Bậc 2', '10000000', '2014-01-01'),
('THUE_NGUONG_3', N'Ngưỡng chịu thuế Bậc 3', '18000000', '2014-01-01'),
('THUE_NGUONG_4', N'Ngưỡng chịu thuế Bậc 4', '32000000', '2014-01-01'),
('THUE_NGUONG_5', N'Ngưỡng chịu thuế Bậc 5', '52000000', '2014-01-01'),
('THUE_NGUONG_6', N'Ngưỡng chịu thuế Bậc 6', '80000000', '2014-01-01');

-- Bảng 2.3.1: Danh Mục Phụ Cấp (Các phụ cấp ngoài hợp đồng)
INSERT INTO DanhMucPhuCap (MaPC, TenPhuCap, SoTien) VALUES
('PC01', N'Thưởng chuyên cần', 500000.00),
('PC02', N'Hỗ trợ onsite', 1500000.00),
('PC03', N'Phụ cấp bằng cấp (PMP, AWS...)', 2000000.00),
('PC04', N'Phụ cấp thâm niên (trên 5 năm)', 1000000.00);

-- Bảng 2.4.1: Danh Mục Khen Thưởng
INSERT INTO DanhMucKhenThuong (MaKT, TenKhenThuong, SoTien) VALUES
('KT01', N'Nhân viên xuất sắc tháng', 1000000.00),
('KT02', N'Thưởng nóng dự án (giai đoạn 1)', 5000000.00),
('KT03', N'Thưởng ý tưởng sáng tạo', 2000000.00),
('KT04', N'Thưởng Lễ 30/4', 1000000.00);

-- Bảng 2.5.1: Danh Mục Kỷ Luật
INSERT INTO DanhMucKyLuat (MaKL, TenKyLuat, SoTienPhat) VALUES
('KL01', N'Đi trễ (sau 8h30)', 100000.00),
('KL02', N'Quên chấm công (cuối tháng)', 200000.00),
('KL03', N'Nghỉ không phép', 500000.00),
('KL04', N'Vi phạm trang phục', 50000.00);

-- Bảng 1.3: Nhân Viên
INSERT INTO NhanVien (MaNV, HoTen, NgaySinh, GioiTinh, CCCD, DiaChi, SoDienThoai, Email, MaSoThue, TaiKhoanNganHang, TenNganHang, NgayVaoLam, TrangThai, MaPB, MaCV) VALUES
('NV001', N'Nguyễn Văn An', '1985-03-15', N'Nam', '001085000123', N'123 Lê Lợi, Q.1, TP.HCM', '0903123456', 'an.nv@company.com', '1234567890', '1900123456', 'Vietcombank', '2015-01-10', N'Đang làm việc', 'PHCTH', 'GD'),
('NV002', N'Trần Thị Bình', '1990-07-20', N'Nữ', '001190000456', N'456 Nguyễn Trãi, Q.5, TP.HCM', '0918789012', 'binh.tt@company.com', '0987654321', '1020789012', 'ACB', '2018-05-01', N'Đang làm việc', 'PHCTH', 'TP'),
('NV003', N'Lê Văn Cường', '1992-11-30', N'Nam', '001092000789', N'789 Cách Mạng Tháng 8, Q.Tân Bình, TP.HCM', '0988654321', 'cuong.lv@company.com', '1122334455', '8888654321', 'Techcombank', '2019-02-15', N'Đang làm việc', 'PKD', 'TP'),
('NV004', N'Phạm Thị Dung', '1995-01-05', N'Nữ', '001195000987', N'321 Trường Chinh, Q.12, TP.HCM', '0977123789', 'dung.pt@company.com', '2233445566', '1231234567', 'Vietinbank', '2020-03-01', N'Đang làm việc', 'PHT', 'TP'),
('NV005', N'Hoàng Văn Em', '1993-06-12', N'Nam', '001093000654', N'654 Âu Cơ, Q.Tân Phú, TP.HCM', '0966987654', 'em.hv@company.com', '3344556677', '5675678901', 'MB Bank', '2020-07-20', N'Đang làm việc', 'PPTS', 'TP'),
('NV006', N'Võ Thị Giang', '1994-08-25', N'Nữ', '001194000321', N'987 Lý Thường Kiệt, Q.10, TP.HCM', '0944321654', 'giang.vt@company.com', '4455667788', '3213216549', 'Sacombank', '2021-01-10', N'Đang làm việc', 'PPTUD', 'TP'),
('NV007', N'Đỗ Văn Hùng', '1996-12-01', N'Nam', '001096000111', N'111 Quang Trung, Q.Gò Vấp, TP.HCM', '0933789123', 'hung.dv@company.com', '5566778899', '6546549870', 'Vietcombank', '2021-05-15', N'Đang làm việc', 'PTKDPN', 'TP'),
('NV008', N'Nguyễn Thị Lan', '1997-02-18', N'Nữ', '001197000222', N'222 Phan Văn Trị, Q.Bình Thạnh, TP.HCM', '0911223344', 'lan.nt@company.com', '6677889900', '7897890123', 'Techcombank', '2022-02-01', N'Đang làm việc', 'PKD', 'PP'),
('NV009', N'Phan Văn Mạnh', '1998-09-09', N'Nam', '001098000333', N'333 Xô Viết Nghệ Tĩnh, Q.Bình Thạnh, TP.HCM', '0909445566', 'manh.pv@company.com', '7788990011', '9879876543', 'ACB', '2022-06-10', N'Đang làm việc', 'PHT', 'PP'),
('NV010', N'Trần Ngọc Oanh', '1999-04-14', N'Nữ', '001199000444', N'444 Nơ Trang Long, Q.Bình Thạnh, TP.HCM', '0987654123', 'oanh.tn@company.com', '8899001122', '4564567890', 'Vietinbank', '2023-01-05', N'Đang làm việc', 'PPTS', 'CVCC'),
('NV011', N'Bùi Văn Phúc', '1997-10-20', N'Nam', '001097000555', N'555 Điện Biên Phủ, Q.3, TP.HCM', '0912345678', 'phuc.bv@company.com', '9900112233', '1112223334', 'MB Bank', '2023-03-15', N'Đang làm việc', 'PPTUD', 'CVCC'),
('NV012', N'Đặng Thị Quyên', '2000-05-25', N'Nữ', '001200000666', N'666 Võ Văn Tần, Q.3, TP.HCM', '0902654789', 'quyen.dt@company.com', '0011223344', '4445556667', 'Sacombank', '2023-07-01', N'Đang làm việc', 'PTKDPN', 'CV'),
('NV013', N'Ngô Văn Rô', '1998-11-11', N'Nam', '001098000777', N'777 Sư Vạn Hạnh, Q.10, TP.HCM', '0978901234', 'ro.nv@company.com', '1122334456', '7778889990', 'Vietcombank', '2023-09-20', N'Đang làm việc', 'PKD', 'CV'),
('NV014', N'Hồ Thị Sen', '1999-03-08', N'Nữ', '001199000888', N'888 Ba Tháng Hai, Q.11, TP.HCM', '0965432109', 'sen.ht@company.com', '2233445567', '0001112223', 'Techcombank', '2024-01-02', N'Đang làm việc', 'PHT', 'CV'),
('NV015', N'Lý Văn Tài', '2001-07-17', N'Nam', '001201000999', N'999 Tô Hiến Thành, Q.10, TP.HCM', '0918001122', 'tai.lv@company.com', '3344556678', '3334445556', 'ACB', '2024-03-01', N'Đang làm việc', 'PPTS', 'CV'),
('NV016', N'Mai Thị Uyên', '2000-12-12', N'Nữ', '001200000121', N'121 Nguyễn Kim, Q.10, TP.HCM', '0908112233', 'uyen.mt@company.com', '4455667789', '6667778889', 'Vietinbank', '2024-05-10', N'Đang làm việc', 'PPTUD', 'NV'),
('NV017', N'Dương Văn Vũ', '2002-02-02', N'Nam', '001202000232', N'232 Trần Hưng Đạo, Q.1, TP.HCM', '0976543210', 'vu.dv@company.com', '5566778890', '9990001112', 'MB Bank', '2024-07-15', N'Đang làm việc', 'PTKDPN', 'NV'),
('NV018', N'Vũ Thị Xuan', '2001-10-10', N'Nữ', '001201000343', N'343 Lê Hồng Phong, Q.10, TP.HCM', '0913243546', 'xuan.vt@company.com', '6677889901', '2223334445', 'Sacombank', '2024-09-01', N'Đang làm việc', 'PHCTH', 'NV'),
('NV019', N'Lê Hoàng Yến', '1999-06-06', N'Nữ', '001199000454', N'454 An Dương Vương, Q.5, TP.HCM', '0905657687', 'yen.lh@company.com', '7788990012', '5556667778', 'Vietcombank', '2024-10-01', N'Đang làm việc', 'PKD', 'NV'),
('NV020', N'Nguyễn Minh Tuấn', '1995-04-30', N'Nam', '001095000565', N'565 Trần Phú, Q.5, TP.HCM', '0989123123', 'tuan.nm@company.com', '8899001123', '8889990001', 'Techcombank', '2022-08-01', N'Đang làm việc', 'PPTS', 'CV');
-- Bảng 1.4: Hợp Đồng
INSERT INTO HopDong (SoHopDong, LoaiHD, NgayBatDau, NgayKetThuc, LuongCoBan, PhuCapAnTrua, PhuCapXangXe, PhuCapDienThoai, PhuCapTrachNhiem, PhuCapKhac, TrangThai, MaNV) VALUES
('HD2020/001', N'HĐLĐ không xác định thời hạn', '2020-01-10', NULL, 80000000.00, 1000000.00, 500000.00, 500000.00, 10000000.00, 0, N'Hiệu lực', 'NV001'),
('HD2023/002', N'HĐLĐ không xác định thời hạn', '2023-05-01', NULL, 45000000.00, 1000000.00, 500000.00, 500000.00, 5000000.00, 0, N'Hiệu lực', 'NV002'),
('HD2024/003', N'HĐLĐ không xác định thời hạn', '2024-02-15', NULL, 40000000.00, 1000000.00, 500000.00, 500000.00, 5000000.00, 0, N'Hiệu lực', 'NV003'),
('HD2022/004', N'HĐLĐ không xác định thời hạn', '2022-03-01', NULL, 38000000.00, 1000000.00, 500000.00, 500000.00, 5000000.00, 0, N'Hiệu lực', 'NV004'),
('HD2022/005', N'HĐLĐ không xác định thời hạn', '2022-07-20', NULL, 42000000.00, 1000000.00, 500000.00, 500000.00, 5000000.00, 0, N'Hiệu lực', 'NV005'),
('HD2023/006', N'HĐLĐ không xác định thời hạn', '2023-01-10', NULL, 40000000.00, 1000000.00, 500000.00, 500000.00, 5000000.00, 0, N'Hiệu lực', 'NV006'),
('HD2023/007', N'HĐLĐ không xác định thời hạn', '2023-05-15', NULL, 35000000.00, 1000000.00, 500000.00, 500000.00, 5000000.00, 0, N'Hiệu lực', 'NV007'),
('HD2024/008', N'HĐLĐ xác định thời hạn 2 năm', '2024-02-01', '2026-01-31', 25000000.00, 800000.00, 300000.00, 300000.00, 2000000.00, 0, N'Hiệu lực', 'NV008'),
('HD2024/009', N'HĐLĐ xác định thời hạn 2 năm', '2024-06-10', '2026-06-09', 28000000.00, 800000.00, 300000.00, 300000.00, 2000000.00, 0, N'Hiệu lực', 'NV009'),
('HD2023/010', N'HĐLĐ xác định thời hạn 2 năm', '2023-01-05', '2025-01-04', 22000000.00, 800000.00, 300000.00, 300000.00, 0, 0, N'Hiệu lực', 'NV010'),
('HD2023/011', N'HĐLĐ xác định thời hạn 2 năm', '2023-03-15', '2025-03-14', 24000000.00, 800000.00, 300000.00, 300000.00, 0, 0, N'Hiệu lực', 'NV011'),
('HD2023/012', N'HĐLĐ xác định thời hạn 2 năm', '2023-07-01', '2025-06-30', 18000000.00, 800000.00, 300000.00, 300000.00, 0, 0, N'Hiệu lực', 'NV012'),
('HD2023/013', N'HĐLĐ xác định thời hạn 2 năm', '2023-09-20', '2025-09-19', 17000000.00, 800000.00, 300000.00, 300000.00, 0, 0, N'Hiệu lực', 'NV013'),
('HD2024/014', N'HĐLĐ xác định thời hạn 1 năm', '2024-01-02', '2025-01-01', 16000000.00, 800000.00, 300000.00, 300000.00, 0, 0, N'Hiệu lực', 'NV014'),
('HD2024/015', N'HĐLĐ xác định thời hạn 1 năm', '2024-03-01', '2025-02-28', 15000000.00, 800000.00, 300000.00, 300000.00, 0, 0, N'Hiệu lực', 'NV015'),
('HD2024/016', N'HĐLĐ xác định thời hạn 1 năm', '2024-05-10', '2025-05-09', 12000000.00, 800000.00, 300000.00, 300000.00, 0, 0, N'Hiệu lực', 'NV016'),
('HD2024/017', N'HĐLĐ xác định thời hạn 1 năm', '2024-07-15', '2025-07-14', 11000000.00, 800000.00, 300000.00, 300000.00, 0, 0, N'Hiệu lực', 'NV017'),
('HD2024/018', N'HĐLĐ thử việc 2 tháng', '2024-09-01', '2024-10-31', 10000000.00, 800000.00, 300000.00, 300000.00, 0, 0, N'Hết hiệu lực', 'NV018'),
('HD2024/019', N'HĐLĐ xác định thời hạn 1 năm', '2024-11-01', '2025-10-31', 12000000.00, 800000.00, 300000.00, 300000.00, 0, 0, N'Hiệu lực', 'NV018'),
('HD2024/020', N'HĐLĐ thử việc 2 tháng', '2024-10-01', '2024-11-30', 10000000.00, 800000.00, 300000.00, 300000.00, 0, 0, N'Hiệu lực', 'NV019'),
('HD2022/021', N'HĐLĐ không xác định thời hạn', '2022-08-01', NULL, 20000000.00, 800000.00, 300000.00, 300000.00, 0, 0, N'Hiệu lực', 'NV020');
-- Bảng 3.1: Người Phụ Thuộc
INSERT INTO NguoiPhuThuoc (HoTen, NgaySinh, MoiQuanHe, ThoiGianBatDauGiamTru, ThoiGianKetThucGiamTru, MaNV) VALUES
(N'Nguyễn Văn An Jr', '2010-05-20', N'Con', '2015-01-10', NULL, 'NV001'),
(N'Nguyễn Thị Mai', '1987-01-01', N'Vợ', '2015-01-10', NULL, 'NV001'),
(N'Trần Văn Hùng', '2015-02-10', N'Con', '2018-05-01', NULL, 'NV002'),
(N'Lê Thị Lan', '2018-10-02', N'Con', '2019-02-15', NULL, 'NV003'),
(N'Phạm Văn Nam', '2020-01-01', N'Con', '2020-03-01', NULL, 'NV004'),
(N'Phạm Thị Nữ', '2022-04-15', N'Con', '2022-04-15', NULL, 'NV004'),
(N'Hoàng Thị Hoa', '1994-01-30', N'Vợ', '2020-07-20', NULL, 'NV005'),
(N'Võ Văn Minh', '2023-03-03', N'Con', '2023-03-03', NULL, 'NV006'),
(N'Đỗ Thị Ánh', '2022-11-10', N'Con', '2022-11-10', NULL, 'NV007'),
(N'Nguyễn Văn Long', '1960-01-01', N'Cha', '2022-02-01', NULL, 'NV008'),
(N'Phan Thị Lệ', '1999-01-01', N'Vợ', '2022-06-10', NULL, 'NV009'),
(N'Phan Văn Nam', '2023-08-01', N'Con', '2023-08-01', NULL, 'NV009'),
(N'Bùi Văn Hưng', '1965-10-10', N'Cha', '2023-03-15', NULL, 'NV011'),
(N'Bùi Thị Hà', '1968-02-20', N'Mẹ', '2023-03-15', NULL, 'NV011'),
(N'Ngô Văn Tài', '2024-05-01', N'Con', '2024-05-01', NULL, 'NV013'),
(N'Lý Thị Hoa', '2002-01-01', N'Vợ', '2024-03-01', NULL, 'NV015'),
(N'Dương Văn Hải', '1970-07-07', N'Cha', '2024-07-15', NULL, 'NV017'),
(N'Lê Hoàng Anh', '2000-01-01', N'Chồng', '2024-10-01', NULL, 'NV019'),
(N'Nguyễn Thị Cúc', '1996-09-09', N'Vợ', '2022-08-01', NULL, 'NV020'),
(N'Nguyễn Minh Quân', '2023-10-10', N'Con', '2023-10-10', NULL, 'NV020');

/*
===========================================================
SCRIPT TẠO DỮ LIỆU CỐ ĐỊNH CHO KỲ LƯƠNG T9/2025
===========================================================
*/
PRINT N'Bắt đầu tạo dữ liệu cố định cho Tháng 9/2025...';
GO

SET NOCOUNT ON;

-- =========================================================
-- 1. TẠO DỮ LIỆU BẢNG CHẤM CÔNG (ChamCong)
-- Tháng 9/2025 có 21 ngày công (trừ T7, CN và Lễ 2/9)
-- =========================================================
PRINT N'1. Đang tạo dữ liệu Chấm Công (T9/2025)...';
GO

INSERT INTO ChamCong (NgayChamCong, GioVao, GioRa, SoGioTangCa, MaNV) VALUES
-- Ngày 1/9/2025 (Thứ 2)
('2025-09-01', '07:58:00', '17:01:00', 0.0, 'NV001'),
('2025-09-01', '07:55:00', '17:02:00', 0.0, 'NV002'),
('2025-09-01', '08:00:00', '17:00:00', 0.0, 'NV003'),
('2025-09-01', '07:59:00', '17:03:00', 0.0, 'NV004'),
('2025-09-01', '08:01:00', '17:00:00', 0.0, 'NV005'),
('2025-09-01', '07:57:00', '17:01:00', 0.0, 'NV006'),
('2025-09-01', '08:02:00', '17:02:00', 0.0, 'NV007'),
('2025-09-01', '07:56:00', '17:00:00', 0.0, 'NV008'),
('2025-09-01', '08:03:00', '17:01:00', 0.0, 'NV009'),
('2025-09-01', '07:58:00', '17:00:00', 0.0, 'NV010'),
('2025-09-01', '07:59:00', '17:00:00', 0.0, 'NV011'),
('2025-09-01', '08:00:00', '17:03:00', 0.0, 'NV012'),
('2025-09-01', '07:55:00', '17:01:00', 0.0, 'NV013'),
('2025-09-01', '08:01:00', '17:00:00', 0.0, 'NV014'),
('2025-09-01', '07:57:00', '17:02:00', 0.0, 'NV015'),
('2025-09-01', '08:02:00', '17:00:00', 0.0, 'NV016'),
('2025-09-01', '07:59:00', '17:01:00', 0.0, 'NV017'),
('2025-09-01', '08:00:00', '17:00:00', 0.0, 'NV018'),
('2025-09-01', '07:58:00', '17:00:00', 0.0, 'NV019'),
('2025-09-01', '07:56:00', '17:01:00', 0.0, 'NV020'),

-- Ngày 2/9/2025 (Thứ 3) - NGHỈ LỄ

-- Ngày 3/9/2025 (Thứ 4)
('2025-09-03', '07:59:00', '17:00:00', 0.0, 'NV001'),
-- ('2025-09-03', '07:56:00', '17:01:00', 0.0, 'NV002'), -- NV002 nghỉ
('2025-09-03', '08:01:00', '17:00:00', 0.0, 'NV003'),
('2025-09-03', '07:58:00', '17:02:00', 0.0, 'NV004'),
('2025-09-03', '08:00:00', '18:30:00', 0.0, 'NV005'), -- OT
('2025-09-03', '07:59:00', '17:00:00', 0.0, 'NV006'),
('2025-09-03', '07:57:00', '17:01:00', 0.0, 'NV007'),
('2025-09-03', '08:02:00', '17:00:00', 0.0, 'NV008'),
('2025-09-03', '07:56:00', '17:00:00', 0.0, 'NV009'),
('2025-09-03', '08:03:00', '17:01:00', 0.0, 'NV010'),
('2025-09-03', '07:58:00', '17:00:00', 0.0, 'NV011'),
('2025-09-03', '07:59:00', '17:02:00', 0.0, 'NV012'),
('2025-09-03', '08:00:00', '17:00:00', 0.0, 'NV013'),
('2025-09-03', '07:55:00', '17:01:00', 0.0, 'NV014'),
('2025-09-03', '08:01:00', '17:00:00', 0.0, 'NV015'),
('2025-09-03', '07:57:00', '17:03:00', 0.0, 'NV016'),
('2025-09-03', '08:02:00', '17:00:00', 0.0, 'NV017'),
('2025-09-03', '07:59:00', '17:00:00', 0.0, 'NV018'),
('2025-09-03', '08:00:00', '17:01:00', 0.0, 'NV019'),
('2025-09-03', '07:58:00', '17:00:00', 0.0, 'NV020'),

-- Ngày 4/9/2025 (Thứ 5)
('2025-09-04', '07:57:00', '17:01:00', 0.0, 'NV001'),
('2025-09-04', '08:45:00', '17:00:00', 0.0, 'NV002'), -- Đi trễ
-- ('2025-09-04', '08:00:00', '17:00:00', 0.0, 'NV003'), -- NV003 nghỉ
('2025-09-04', '07:59:00', '17:02:00', 0.0, 'NV004'),
('2025-09-04', '08:01:00', '18:30:00', 0.0, 'NV005'), -- OT
('2025-09-04', '07:58:00', '17:00:00', 0.0, 'NV006'),
('2025-09-04', '08:00:00', '17:01:00', 0.0, 'NV007'),
('2025-09-04', '08:02:00', '17:00:00', 0.0, 'NV008'),
('2025-09-04', '07:56:00', '17:03:00', 0.0, 'NV009'),
('2025-09-04', '08:03:00', '17:00:00', 0.0, 'NV010'),
('2025-09-04', '07:58:00', '17:01:00', 0.0, 'NV011'),
('2025-09-04', '07:59:00', '17:00:00', 0.0, 'NV012'),
('2025-09-04', '08:00:00', '17:00:00', 0.0, 'NV013'),
('2025-09-04', '07:55:00', '17:02:00', 0.0, 'NV014'),
('2025-09-04', '08:01:00', '17:00:00', 0.0, 'NV015'),
('2025-09-04', '07:57:00', '17:00:00', 0.0, 'NV016'),
('2025-09-04', '08:02:00', '17:01:00', 0.0, 'NV017'),
('2025-09-04', '07:59:00', '17:00:00', 0.0, 'NV018'),
('2025-09-04', '08:00:00', '17:00:00', 0.0, 'NV019'),
('2025-09-04', '07:58:00', '17:01:00', 0.0, 'NV020'),

-- Ngày 5/9/2025 (Thứ 6)
('2025-09-05', '07:59:00', '17:00:00', 0.0, 'NV001'),
('2025-09-05', '07:56:00', '17:01:00', 0.0, 'NV002'),
('2025-09-05', '08:01:00', '17:00:00', 0.0, 'NV003'),
('2025-09-05', '07:58:00', '17:02:00', 0.0, 'NV004'),
('2025-09-05', '08:00:00', '18:30:00', 0.0, 'NV005'), -- OT
('2025-09-05', '07:59:00', '17:00:00', 0.0, 'NV006'),
-- ('2025-09-05', '07:57:00', '17:01:00', 0.0, 'NV007'), -- NV007 nghỉ
('2025-09-05', '08:02:00', '17:00:00', 0.0, 'NV008'),
('2025-09-05', '07:56:00', '17:00:00', 0.0, 'NV009'),
('2025-09-05', '08:03:00', '17:01:00', 0.0, 'NV010'),
('2025-09-05', '07:58:00', '17:00:00', 0.0, 'NV011'),
('2025-09-05', '07:59:00', '17:02:00', 0.0, 'NV012'),
('2025-09-05', '08:00:00', '17:00:00', 0.0, 'NV013'),
('2025-09-05', '07:55:00', '17:01:00', 0.0, 'NV014'),
('2025-09-05', '08:01:00', '17:00:00', 0.0, 'NV015'),
('2025-09-05', '07:57:00', '17:03:00', 0.0, 'NV016'),
('2025-09-05', '08:02:00', '17:00:00', 0.0, 'NV017'),
('2025-09-05', '07:59:00', '17:00:00', 0.0, 'NV018'),
('2025-09-05', '08:00:00', '17:01:00', 0.0, 'NV019'),
('2025-09-05', '07:58:00', '17:00:00', 0.0, 'NV020'),

-- Ngày 6/9/2025 (Thứ 7) - TĂNG CA
('2025-09-06', '08:00:00', '12:00:00', 0.0, 'NV005'), -- OT 4h
('2025-09-06', '08:00:00', '15:00:00', 0.0, 'NV011'), -- OT 6h (7h - 1h nghỉ)

-- Ngày 7/9/2025 (Chủ Nhật) - NGHỈ

-- Ngày 8/9/2025 (Thứ 2)
('2025-09-08', '07:58:00', '17:01:00', 0.0, 'NV001'),
('2025-09-08', '07:55:00', '17:02:00', 0.0, 'NV002'),
('2025-09-08', '08:00:00', '17:00:00', 0.0, 'NV003'),
('2025-09-08', '07:59:00', '17:03:00', 0.0, 'NV004'),
('2025-09-08', '08:01:00', '17:00:00', 0.0, 'NV005'),
('2025-09-08', '07:57:00', '19:00:00', 0.0, 'NV006'), -- OT
('2025-09-08', '08:02:00', '17:02:00', 0.0, 'NV007'),
-- ('2025-09-08', '07:56:00', '17:00:00', 0.0, 'NV008'), -- NV008 nghỉ
('2025-09-08', '08:03:00', '17:01:00', 0.0, 'NV009'),
('2025-09-08', '07:58:00', '17:00:00', 0.0, 'NV010'),
('2025-09-08', '07:59:00', '17:00:00', 0.0, 'NV011'),
('2025-09-08', '08:00:00', '17:03:00', 0.0, 'NV012'),
('2025-09-08', '07:55:00', '17:01:00', 0.0, 'NV013'),
('2025-09-08', '08:01:00', '17:00:00', 0.0, 'NV014'),
('2025-09-08', '07:57:00', '17:02:00', 0.0, 'NV015'),
('2025-09-08', '08:02:00', '17:00:00', 0.0, 'NV016'),
('2025-09-08', '07:59:00', '17:01:00', 0.0, 'NV017'),
('2025-09-08', '08:00:00', '17:00:00', 0.0, 'NV018'),
('2025-09-08', '07:58:00', '17:00:00', 0.0, 'NV019'),
('2025-09-08', '07:56:00', '17:01:00', 0.0, 'NV020'),

-- Ngày 9/9/2025 (Thứ 3)
('2025-09-09', '07:57:00', '17:01:00', 0.0, 'NV001'),
('2025-09-09', '07:58:00', '17:00:00', 0.0, 'NV002'),
('2025-09-09', '08:00:00', '17:00:00', 0.0, 'NV003'),
('2025-09-09', '07:59:00', '17:02:00', 0.0, 'NV004'),
('2025-09-09', '08:01:00', '17:00:00', 0.0, 'NV005'),
('2025-09-09', '07:58:00', '19:00:00', 0.0, 'NV006'), -- OT
('2025-09-09', '08:00:00', '17:01:00', 0.0, 'NV007'),
-- ('2025-09-09', '08:02:00', '17:00:00', 0.0, 'NV008'), -- NV008 nghỉ
('2025-09-09', '07:56:00', '17:03:00', 0.0, 'NV009'),
('2025-09-09', '08:03:00', '17:00:00', 0.0, 'NV010'),
('2025-09-09', '07:58:00', '17:01:00', 0.0, 'NV011'),
('2025-09-09', '07:59:00', '17:00:00', 0.0, 'NV012'),
('2025-09-09', '08:00:00', '17:00:00', 0.0, 'NV013'),
('2025-09-09', '07:55:00', '17:02:00', 0.0, 'NV014'),
('2025-09-09', '08:01:00', '17:00:00', 0.0, 'NV015'),
('2025-09-09', '07:57:00', '17:00:00', 0.0, 'NV016'),
('2025-09-09', '08:02:00', '17:01:00', 0.0, 'NV017'),
('2025-09-09', '07:59:00', '17:00:00', 0.0, 'NV018'),
('2025-09-09', '08:00:00', '17:00:00', 0.0, 'NV019'),
('2025-09-09', '07:58:00', '17:01:00', 0.0, 'NV020'),

-- Ngày 10/9/2025 (Thứ 4)
('2025-09-10', '07:59:00', '17:00:00', 0.0, 'NV001'),
('2025-09-10', '07:56:00', '17:01:00', 0.0, 'NV002'),
('2025-09-10', '08:01:00', '17:00:00', 0.0, 'NV003'),
('2025-09-10', '07:58:00', '17:02:00', 0.0, 'NV004'),
('2025-09-10', '08:00:00', '17:00:00', 0.0, 'NV005'),
('2025-09-10', '07:59:00', '17:00:00', 0.0, 'NV006'),
('2025-09-10', '07:57:00', '17:01:00', 0.0, 'NV007'),
('2025-09-10', '09:00:00', '17:00:00', 0.0, 'NV008'), -- Đi trễ
('2025-09-10', '07:56:00', '17:00:00', 0.0, 'NV009'),
-- ('2025-09-10', '08:03:00', '17:01:00', 0.0, 'NV010'), -- NV010 nghỉ
('2025-09-10', '07:58:00', '18:00:00', 0.0, 'NV011'), -- OT
('2025-09-10', '07:59:00', '17:02:00', 0.0, 'NV012'),
('2025-09-10', '08:00:00', '17:00:00', 0.0, 'NV013'),
('2025-09-10', '07:55:00', '17:01:00', 0.0, 'NV014'),
('2025-09-10', '08:01:00', '17:00:00', 0.0, 'NV015'),
('2025-09-10', '07:57:00', '17:03:00', 0.0, 'NV016'),
('2025-09-10', '08:02:00', '17:00:00', 0.0, 'NV017'),
('2025-09-10', '07:59:00', '17:00:00', 0.0, 'NV018'),
('2025-09-10', '08:00:00', '17:01:00', 0.0, 'NV019'),
('2025-09-10', '07:58:00', '17:00:00', 0.0, 'NV020'),

-- Ngày 11/9/2025 (Thứ 5)
('2025-09-11', '07:58:00', '17:01:00', 0.0, 'NV001'),
('2025-09-11', '08:45:00', '17:00:00', 0.0, 'NV002'), -- Đi trễ
('2025-09-11', '08:00:00', '17:00:00', 0.0, 'NV003'),
('2025-09-11', '07:59:00', '17:02:00', 0.0, 'NV004'),
('2025-09-11', '08:01:00', '17:00:00', 0.0, 'NV005'),
('2025-09-11', '07:58:00', '17:00:00', 0.0, 'NV006'),
('2025-09-11', '08:00:00', '17:01:00', 0.0, 'NV007'),
('2025-09-11', '08:02:00', '17:00:00', 0.0, 'NV008'),
('2025-09-11', '07:56:00', '17:03:00', 0.0, 'NV009'),
('2025-09-11', '08:03:00', '17:00:00', 0.0, 'NV010'),
('2025-09-11', '07:58:00', '17:01:00', 0.0, 'NV011'),
-- ('2025-09-11', '07:59:00', '17:00:00', 0.0, 'NV012'), -- NV012 nghỉ
('2025-09-11', '08:00:00', '17:00:00', 0.0, 'NV013'),
('2025-09-11', '07:55:00', '17:02:00', 0.0, 'NV014'),
('2025-09-11', '08:01:00', '17:00:00', 0.0, 'NV015'),
('2025-09-11', '07:57:00', '17:00:00', 0.0, 'NV016'),
('2025-09-11', '08:02:00', '17:01:00', 0.0, 'NV017'),
('2025-09-11', '07:59:00', '17:00:00', 0.0, 'NV018'),
('2025-09-11', '08:00:00', '17:00:00', 0.0, 'NV019'),
('2025-09-11', '07:58:00', '17:01:00', 0.0, 'NV020'),

-- Ngày 12/9/2025 (Thứ 6)
('2025-09-12', '07:59:00', '17:00:00', 0.0, 'NV001'),
('2025-09-12', '07:56:00', '17:01:00', 0.0, 'NV002'),
('2025-09-12', '08:01:00', '17:00:00', 0.0, 'NV003'),
('2025-09-12', '07:58:00', '17:02:00', 0.0, 'NV004'),
('2025-09-12', '08:00:00', '17:00:00', 0.0, 'NV005'),
('2025-09-12', '07:59:00', '17:00:00', 0.0, 'NV006'),
('2025-09-12', '07:57:00', '17:01:00', 0.0, 'NV007'),
('2025-09-12', '08:02:00', '17:00:00', 0.0, 'NV008'),
('2025-09-12', '07:56:00', '17:00:00', 0.0, 'NV009'),
('2025-09-12', '08:03:00', '17:01:00', 0.0, 'NV010'),
('2025-09-12', '07:58:00', '17:00:00', 0.0, 'NV011'),
('2025-09-12', '07:59:00', '17:02:00', 0.0, 'NV012'),
-- ('2025-09-12', '08:00:00', '17:00:00', 0.0, 'NV013'), -- NV013 nghỉ
('2025-09-12', '07:55:00', '17:01:00', 0.0, 'NV014'),
('2025-09-12', '08:01:00', '17:00:00', 0.0, 'NV015'),
('2025-09-12', '07:57:00', '17:03:00', 0.0, 'NV016'),
('2025-09-12', '08:02:00', '17:00:00', 0.0, 'NV017'),
('2025-09-12', '07:59:00', '17:00:00', 0.0, 'NV018'),
('2025-09-12', '08:00:00', '17:01:00', 0.0, 'NV019'),
('2025-09-12', '07:58:00', '17:00:00', 0.0, 'NV020'),

-- Ngày 13/9/2025 (Thứ 7) - TĂNG CA
('2025-09-13', '09:00:00', '13:00:00', 0.0, 'NV006'), -- OT 4h

-- Ngày 14/9/2025 (Chủ Nhật) - TĂNG CA
('2025-09-14', '09:00:00', '12:00:00', 0.0, 'NV009'), -- OT 3h

-- Ngày 15/9/2025 (Thứ 2)
('2025-09-15', '07:58:00', '17:01:00', 0.0, 'NV001'),
('2025-09-15', '07:55:00', '17:02:00', 0.0, 'NV002'),
('2025-09-15', '08:00:00', '17:00:00', 0.0, 'NV003'),
('2025-09-15', '07:59:00', '17:03:00', 0.0, 'NV004'),
('2025-09-15', '08:01:00', '17:00:00', 0.0, 'NV005'),
('2025-09-15', '07:57:00', '17:01:00', 0.0, 'NV006'),
('2025-09-15', '08:02:00', '17:02:00', 0.0, 'NV007'),
('2025-09-15', '07:56:00', '17:00:00', 0.0, 'NV008'),
('2025-09-15', '08:03:00', '17:01:00', 0.0, 'NV009'),
('2025-09-15', '07:58:00', '17:00:00', 0.0, 'NV010'),
('2025-09-15', '07:59:00', '17:00:00', 0.0, 'NV011'),
('2025-09-15', '08:00:00', '17:03:00', 0.0, 'NV012'),
-- ('2025-09-15', '07:55:00', '17:01:00', 0.0, 'NV013'), -- NV013 nghỉ
('2025-09-15', '08:01:00', '17:00:00', 0.0, 'NV014'),
('2025-09-15', '07:57:00', '17:02:00', 0.0, 'NV015'),
('2025-09-15', '08:02:00', '17:00:00', 0.0, 'NV016'),
('2025-09-15', '07:59:00', '17:01:00', 0.0, 'NV017'),
('2025-09-15', '08:00:00', '17:00:00', 0.0, 'NV018'),
('2025-09-15', '07:58:00', '17:00:00', 0.0, 'NV019'),
('2025-09-15', '07:56:00', '17:01:00', 0.0, 'NV020'),

-- Ngày 16/9/2025 (Thứ 3)
('2025-09-16', '07:57:00', '17:01:00', 0.0, 'NV001'),
('2025-09-16', '07:58:00', '17:00:00', 0.0, 'NV002'),
('2025-09-16', '08:00:00', '17:00:00', 0.0, 'NV003'),
('2025-09-16', '07:59:00', '17:02:00', 0.0, 'NV004'),
('2025-09-16', '08:01:00', '17:00:00', 0.0, 'NV005'),
('2025-09-16', '07:58:00', '17:00:00', 0.0, 'NV006'),
('2025-09-16', '08:00:00', '17:01:00', 0.0, 'NV007'),
('2025-09-16', '08:02:00', '17:00:00', 0.0, 'NV008'),
('2025-09-16', '07:56:00', '17:03:00', 0.0, 'NV009'),
('2025-09-16', '08:03:00', '17:00:00', 0.0, 'NV010'),
('2025-09-16', '07:58:00', '17:01:00', 0.0, 'NV011'),
('2025-09-16', '07:59:00', '17:00:00', 0.0, 'NV012'),
('2025-09-16', '08:00:00', '17:00:00', 0.0, 'NV013'),
-- ('2025-09-16', '07:55:00', '17:02:00', 0.0, 'NV014'), -- NV014 nghỉ
('2025-09-16', '08:01:00', '17:00:00', 0.0, 'NV015'),
('2025-09-16', '07:57:00', '17:00:00', 0.0, 'NV016'),
('2025-09-16', '08:02:00', '17:01:00', 0.0, 'NV017'),
('2025-09-16', '07:59:00', '17:00:00', 0.0, 'NV018'),
('2025-09-16', '08:00:00', '17:00:00', 0.0, 'NV019'),
('2025-09-16', '07:58:00', '17:01:00', 0.0, 'NV020'),

-- Ngày 17/9/2025 (Thứ 4)
('2025-09-17', '07:59:00', '17:00:00', 0.0, 'NV001'),
('2025-09-17', '07:56:00', '17:01:00', 0.0, 'NV002'),
('2025-09-17', '08:01:00', '17:00:00', 0.0, 'NV003'),
('2025-09-17', '07:58:00', '17:02:00', 0.0, 'NV004'),
('2025-09-17', '08:00:00', '17:00:00', 0.0, 'NV005'),
('2025-09-17', '07:59:00', '17:00:00', 0.0, 'NV006'),
('2025-09-17', '07:57:00', '17:01:00', 0.0, 'NV007'),
('2025-09-17', '08:02:00', '17:00:00', 0.0, 'NV008'),
('2025-09-17', '07:56:00', '17:00:00', 0.0, 'NV009'),
('2025-09-17', '08:03:00', '17:01:00', 0.0, 'NV010'),
('2025-09-17', '07:58:00', '18:00:00', 0.0, 'NV011'), -- OT
('2025-09-17', '07:59:00', '17:02:00', 0.0, 'NV012'),
('2025-09-17', '08:00:00', '17:00:00', 0.0, 'NV013'),
('2025-09-17', '07:55:00', '17:01:00', 0.0, 'NV014'),
-- ('2025-09-17', '08:01:00', '17:00:00', 0.0, 'NV015'), -- NV015 nghỉ
('2025-09-17', '07:57:00', '17:03:00', 0.0, 'NV016'),
('2025-09-17', '08:02:00', '17:00:00', 0.0, 'NV017'),
('2025-09-17', '07:59:00', '17:00:00', 0.0, 'NV018'),
('2025-09-17', '08:00:00', '17:01:00', 0.0, 'NV019'),
('2025-09-17', '07:58:00', '17:00:00', 0.0, 'NV020'),

-- Ngày 18/9/2025 (Thứ 5)
('2025-09-18', '07:58:00', '17:01:00', 0.0, 'NV001'),
('2025-09-18', '07:55:00', '17:02:00', 0.0, 'NV002'),
('2025-09-18', '08:00:00', '17:00:00', 0.0, 'NV003'),
('2025-09-18', '07:59:00', '17:03:00', 0.0, 'NV004'),
('2025-09-18', '08:01:00', '17:00:00', 0.0, 'NV005'),
('2025-09-18', '07:57:00', '17:01:00', 0.0, 'NV006'),
('2025-09-18', '08:02:00', '17:02:00', 0.0, 'NV007'),
('2025-09-18', '07:56:00', '17:00:00', 0.0, 'NV008'),
('2025-09-18', '08:03:00', '17:01:00', 0.0, 'NV009'),
('2025-09-18', '07:58:00', '17:00:00', 0.0, 'NV010'),
('2025-09-18', '07:59:00', '17:00:00', 0.0, 'NV011'),
('2025-09-18', '08:00:00', '17:03:00', 0.0, 'NV012'),
('2025-09-18', '07:55:00', '17:01:00', 0.0, 'NV013'),
('2025-09-18', '08:01:00', '17:00:00', 0.0, 'NV014'),
-- ('2025-09-18', '07:57:00', '17:02:00', 0.0, 'NV015'), -- NV015 nghỉ
('2025-09-18', '08:02:00', '17:00:00', 0.0, 'NV016'),
('2025-09-18', '07:59:00', '17:01:00', 0.0, 'NV017'),
('2025-09-18', '08:00:00', '17:00:00', 0.0, 'NV018'),
('2025-09-18', '07:58:00', '17:00:00', 0.0, 'NV019'),
('2025-09-18', '07:56:00', '17:01:00', 0.0, 'NV020'),

-- Ngày 19/9/2025 (Thứ 6)
('2025-09-19', '07:57:00', '17:01:00', 0.0, 'NV001'),
('2025-09-19', '07:58:00', '17:00:00', 0.0, 'NV002'),
('2025-09-19', '08:00:00', '17:00:00', 0.0, 'NV003'),
('2025-09-19', '07:59:00', '17:02:00', 0.0, 'NV004'),
('2025-09-19', '08:01:00', '17:00:00', 0.0, 'NV005'),
('2025-09-19', '07:58:00', '17:00:00', 0.0, 'NV006'),
('2025-09-19', '08:00:00', '17:01:00', 0.0, 'NV007'),
('2025-09-19', '08:02:00', '17:00:00', 0.0, 'NV008'),
('2025-09-19', '07:56:00', '17:03:00', 0.0, 'NV009'),
('2025-09-19', '08:03:00', '17:00:00', 0.0, 'NV010'),
('2025-09-19', '07:58:00', '17:01:00', 0.0, 'NV011'),
('2025-09-19', '07:59:00', '17:00:00', 0.0, 'NV012'),
('2025-09-19', '08:00:00', '17:00:00', 0.0, 'NV013'),
('2025-09-19', '07:55:00', '17:02:00', 0.0, 'NV014'),
('2025-09-19', '08:01:00', '17:00:00', 0.0, 'NV015'),
-- ('2025-09-19', '07:57:00', '17:00:00', 0.0, 'NV016'), -- NV016 nghỉ
('2025-09-19', '08:02:00', '17:01:00', 0.0, 'NV017'),
('2025-09-19', '07:59:00', '17:00:00', 0.0, 'NV018'),
('2025-09-19', '08:00:00', '17:00:00', 0.0, 'NV019'),
('2025-09-19', '07:58:00', '17:01:00', 0.0, 'NV020'),

-- Ngày 20/9/2025 (Thứ 7) - TĂNG CA
('2025-09-20', '08:00:00', '17:00:00', 0.0, 'NV004'), -- OT 8h (9h - 1h nghỉ)

-- Ngày 21/9/2025 (Chủ Nhật) - NGHỈ

-- Ngày 22/9/2025 (Thứ 2)
('2025-09-22', '07:59:00', '17:00:00', 0.0, 'NV001'),
('2025-09-22', '07:56:00', '17:01:00', 0.0, 'NV002'),
('2025-09-22', '08:01:00', '17:00:00', 0.0, 'NV003'),
('2025-09-22', '07:58:00', '17:02:00', 0.0, 'NV004'),
('2025-09-22', '08:00:00', '17:00:00', 0.0, 'NV005'),
('2025-09-22', '07:59:00', '17:00:00', 0.0, 'NV006'),
('2025-09-22', '07:57:00', '17:01:00', 0.0, 'NV007'),
('2025-09-22', '08:02:00', '17:00:00', 0.0, 'NV008'),
('2025-09-22', '07:56:00', '17:00:00', 0.0, 'NV009'),
('2025-09-22', '08:03:00', '17:01:00', 0.0, 'NV010'),
('2025-09-22', '07:58:00', '17:00:00', 0.0, 'NV011'),
('2025-09-22', '07:59:00', '17:02:00', 0.0, 'NV012'),
('2025-09-22', '08:00:00', '17:00:00', 0.0, 'NV013'),
('2025-09-22', '07:55:00', '17:01:00', 0.0, 'NV014'),
('2025-09-22', '08:01:00', '17:00:00', 0.0, 'NV015'),
('2025-09-22', '07:57:00', '17:03:00', 0.0, 'NV016'),
-- ('2025-09-22', '08:02:00', '17:00:00', 0.0, 'NV017'), -- NV017 nghỉ
('2025-09-22', '07:59:00', '17:00:00', 0.0, 'NV018'),
('2025-09-22', '08:00:00', '17:01:00', 0.0, 'NV019'),
('2025-09-22', '07:58:00', '17:00:00', 0.0, 'NV020'),

-- Ngày 23/9/2025 (Thứ 3)
('2025-09-23', '07:58:00', '17:01:00', 0.0, 'NV001'),
('2025-09-23', '07:55:00', '17:02:00', 0.0, 'NV002'),
('2025-09-23', '08:00:00', '17:00:00', 0.0, 'NV003'),
('2025-09-23', '07:59:00', '17:03:00', 0.0, 'NV004'),
('2025-09-23', '08:01:00', '17:00:00', 0.0, 'NV005'),
('2025-09-23', '07:57:00', '17:01:00', 0.0, 'NV006'),
('2025-09-23', '08:02:00', '17:02:00', 0.0, 'NV007'),
('2025-09-23', '07:56:00', '17:00:00', 0.0, 'NV008'),
('2025-09-23', '08:03:00', '17:01:00', 0.0, 'NV009'),
('2025-09-23', '07:58:00', '17:00:00', 0.0, 'NV010'),
('2025-09-23', '07:59:00', '17:00:00', 0.0, 'NV011'),
('2025-09-23', '08:00:00', '17:03:00', 0.0, 'NV012'),
('2025-09-23', '07:55:00', '17:01:00', 0.0, 'NV013'),
('2025-09-23', '08:01:00', '17:00:00', 0.0, 'NV014'),
('2025-09-23', '07:57:00', '17:02:00', 0.0, 'NV015'),
('2025-09-23', '08:02:00', '17:00:00', 0.0, 'NV016'),
('2025-09-23', '07:59:00', '17:01:00', 0.0, 'NV017'),
-- ('2025-09-23', '08:00:00', '17:00:00', 0.0, 'NV018'), -- NV018 nghỉ
('2025-09-23', '07:58:00', '17:00:00', 0.0, 'NV019'),
('2025-09-23', '07:56:00', '17:01:00', 0.0, 'NV020'),

-- Ngày 24/9/2025 (Thứ 4)
('2025-09-24', '07:57:00', '17:01:00', 0.0, 'NV001'),
('2025-09-24', '07:58:00', '17:00:00', 0.0, 'NV002'),
('2025-09-24', '08:00:00', '17:00:00', 0.0, 'NV003'),
('2025-09-24', '07:59:00', '17:02:00', 0.0, 'NV004'),
('2025-09-24', '08:01:00', '17:00:00', 0.0, 'NV005'),
('2025-09-24', '07:58:00', '17:00:00', 0.0, 'NV006'),
('2025-09-24', '08:00:00', '17:01:00', 0.0, 'NV007'),
('2025-09-24', '08:02:00', '17:00:00', 0.0, 'NV008'),
('2025-09-24', '07:56:00', '17:03:00', 0.0, 'NV009'),
('2025-09-24', '08:03:00', '17:00:00', 0.0, 'NV010'),
('2025-09-24', '07:58:00', '17:01:00', 0.0, 'NV011'),
('2025-09-24', '07:59:00', '17:00:00', 0.0, 'NV012'),
('2025-09-24', '08:00:00', '17:00:00', 0.0, 'NV013'),
('2025-09-24', '07:55:00', '17:02:00', 0.0, 'NV014'),
('2025-09-24', '08:01:00', '17:00:00', 0.0, 'NV015'),
('2025-09-24', '07:57:00', '17:00:00', 0.0, 'NV016'),
('2025-09-24', '08:02:00', '17:01:00', 0.0, 'NV017'),
-- ('2025-09-24', '07:59:00', '17:00:00', 0.0, 'NV018'), -- NV018 nghỉ
('2025-09-24', '08:00:00', '17:00:00', 0.0, 'NV019'),
('2025-09-24', '07:58:00', '17:01:00', 0.0, 'NV020'),

-- Ngày 25/9/2025 (Thứ 5)
('2025-09-25', '07:59:00', '17:00:00', 0.0, 'NV001'),
('2025-09-25', '07:56:00', '17:01:00', 0.0, 'NV002'),
('2025-09-25', '08:01:00', '17:00:00', 0.0, 'NV003'),
('2025-09-25', '07:58:00', '17:02:00', 0.0, 'NV004'),
('2025-09-25', '08:00:00', '17:00:00', 0.0, 'NV005'),
('2025-09-25', '07:59:00', '17:00:00', 0.0, 'NV006'),
('2025-09-25', '07:57:00', '17:01:00', 0.0, 'NV007'),
('2025-09-25', '08:02:00', '17:00:00', 0.0, 'NV008'),
('2025-09-25', '07:56:00', '17:00:00', 0.0, 'NV009'),
('2025-09-25', '08:03:00', '17:01:00', 0.0, 'NV010'),
('2025-09-25', '07:58:00', '17:00:00', 0.0, 'NV011'),
('2025-09-25', '07:59:00', '17:02:00', 0.0, 'NV012'),
('2025-09-25', '08:00:00', '17:00:00', 0.0, 'NV013'),
('2025-09-25', '07:55:00', '17:01:00', 0.0, 'NV014'),
('2025-09-25', '08:01:00', '17:00:00', 0.0, 'NV015'),
('2025-09-25', '07:57:00', '17:03:00', 0.0, 'NV016'),
('2025-09-25', '08:02:00', '17:00:00', 0.0, 'NV017'),
('2025-09-25', '07:59:00', '17:00:00', 0.0, 'NV018'),
-- ('2025-09-25', '08:00:00', '17:01:00', 0.0, 'NV019'), -- NV019 nghỉ
('2025-09-25', '07:58:00', '17:00:00', 0.0, 'NV020'),

-- Ngày 26/9/2025 (Thứ 6)
('2025-09-26', '07:58:00', '17:01:00', 0.0, 'NV001'),
('2025-09-26', '07:55:00', '17:02:00', 0.0, 'NV002'),
('2025-09-26', '08:00:00', '17:00:00', 0.0, 'NV003'),
('2025-09-26', '07:59:00', '17:03:00', 0.0, 'NV004'),
('2025-09-26', '08:01:00', '17:00:00', 0.0, 'NV005'),
('2025-09-26', '07:57:00', '17:01:00', 0.0, 'NV006'),
('2025-09-26', '08:02:00', '17:02:00', 0.0, 'NV007'),
('2025-09-26', '07:56:00', '17:00:00', 0.0, 'NV008'),
('2025-09-26', '08:03:00', '17:01:00', 0.0, 'NV009'),
('2025-09-26', '07:58:00', '17:00:00', 0.0, 'NV010'),
('2025-09-26', '07:59:00', '17:00:00', 0.0, 'NV011'),
('2025-09-26', '08:00:00', '17:03:00', 0.0, 'NV012'),
('2025-09-26', '07:55:00', '17:01:00', 0.0, 'NV013'),
('2025-09-26', '08:01:00', '17:00:00', 0.0, 'NV014'),
('2025-09-26', '07:57:00', '17:02:00', 0.0, 'NV015'),
('2025-09-26', '08:02:00', '17:00:00', 0.0, 'NV016'),
('2025-09-26', '07:59:00', '17:01:00', 0.0, 'NV017'),
('2025-09-26', '08:00:00', '17:00:00', 0.0, 'NV018'),
('2025-09-26', '07:58:00', '17:00:00', 0.0, 'NV019'),
-- ('2025-09-26', '07:56:00', '17:01:00', 0.0, 'NV020'), -- NV020 nghỉ

-- Ngày 27/9/2025 (Thứ 7) - TĂNG CA
('2025-09-27', '08:00:00', '12:00:00', 0.0, 'NV011'), -- OT 4h

-- Ngày 28/9/2025 (Chủ Nhật) - NGHỈ

-- Ngày 29/9/2025 (Thứ 2)
('2025-09-29', '07:57:00', '17:01:00', 0.0, 'NV001'),
('2025-09-29', '07:58:00', '17:00:00', 0.0, 'NV002'),
('2025-09-29', '08:00:00', '17:00:00', 0.0, 'NV003'),
('2025-09-29', '07:59:00', '17:02:00', 0.0, 'NV004'),
('2025-09-29', '08:01:00', '17:00:00', 0.0, 'NV005'),
('2025-09-29', '07:58:00', '17:00:00', 0.0, 'NV006'),
('2025-09-29', '08:00:00', '17:01:00', 0.0, 'NV007'),
('2025-09-29', '08:02:00', '17:00:00', 0.0, 'NV008'),
('2025-09-29', '07:56:00', '17:03:00', 0.0, 'NV009'),
('2025-09-29', '08:03:00', '17:00:00', 0.0, 'NV010'),
('2025-09-29', '07:58:00', '17:01:00', 0.0, 'NV011'),
('2025-09-29', '07:59:00', '17:00:00', 0.0, 'NV012'),
('2025-09-29', '08:00:00', '17:00:00', 0.0, 'NV013'),
('2025-09-29', '07:55:00', '17:02:00', 0.0, 'NV014'),
('2025-09-29', '08:01:00', '17:00:00', 0.0, 'NV015'),
('2025-09-29', '07:57:00', '17:00:00', 0.0, 'NV016'),
('2025-09-29', '08:02:00', '17:01:00', 0.0, 'NV017'),
('2025-09-29', '07:59:00', '17:00:00', 0.0, 'NV018'),
('2025-09-29', '08:00:00', '17:00:00', 0.0, 'NV019'),
-- ('2025-09-29', '07:58:00', '17:01:00', 0.0, 'NV020'), -- NV020 nghỉ

-- Ngày 30/9/2025 (Thứ 3)
('2025-09-30', '07:59:00', '17:00:00', 0.0, 'NV001'),
('2025-09-30', '07:56:00', '17:01:00', 0.0, 'NV002'),
('2025-09-30', '08:01:00', '17:00:00', 0.0, 'NV003'),
('2025-09-30', '07:58:00', '17:02:00', 0.0, 'NV004'),
('2025-09-30', '08:00:00', '17:00:00', 0.0, 'NV005'),
('2025-09-30', '07:59:00', '17:00:00', 0.0, 'NV006'),
('2025-09-30', '07:57:00', '17:01:00', 0.0, 'NV007'),
('2025-09-30', '08:02:00', '17:00:00', 0.0, 'NV008'),
('2025-09-30', '07:56:00', '17:00:00', 0.0, 'NV009'),
('2025-09-30', '08:03:00', '17:01:00', 0.0, 'NV010'),
('2025-09-30', '07:58:00', '17:00:00', 0.0, 'NV011'),
('2025-09-30', '07:59:00', '17:02:00', 0.0, 'NV012'),
('2025-09-30', '08:00:00', '17:00:00', 0.0, 'NV013'),
('2025-09-30', '07:55:00', '17:01:00', 0.0, 'NV014'),
('2025-09-30', '08:01:00', '17:00:00', 0.0, 'NV015'),
('2025-09-30', '07:57:00', '17:03:00', 0.0, 'NV016'),
('2025-09-30', '08:02:00', '17:00:00', 0.0, 'NV017'),
('2025-09-30', '07:59:00', '17:00:00', 0.0, 'NV018'),
('2025-09-30', '08:00:00', '17:01:00', 0.0, 'NV019'),
('2025-09-30', '07:58:00', '17:00:00', 0.0, 'NV020');
GO
PRINT N'   -> Đã chèn (cố định) 400+ bản ghi chấm công.';
GO

-- =========================================================
-- 2. TẠO DỮ LIỆU PHỤ CẤP, KHEN THƯỞNG, KỶ LUẬT
-- =========================================================

-- Bảng 2.3.2: Chi Tiết Phụ Cấp (T9/2025)
PRINT N'2. Đang tạo dữ liệu Chi Tiết Phụ Cấp...';
INSERT INTO ChiTietPhuCap (NgayApDung, GhiChu, MaPC, MaNV) VALUES
('2025-09-01', N'Chuyên cần T9/2025', 'PC01', 'NV001'),
('2025-09-01', N'Chuyên cần T9/2025', 'PC01', 'NV003'),
('2025-09-01', N'Chuyên cần T9/2025', 'PC01', 'NV004'),
('2025-09-01', N'Chuyên cần T9/2025', 'PC01', 'NV010'),
('2025-09-15', N'Hỗ trợ onsite dự án Viettel', 'PC02', 'NV007'),
('2025-09-15', N'Hỗ trợ onsite dự án Viettel', 'PC02', 'NV012'),
('2025-09-20', N'Đạt chứng chỉ PMP', 'PC03', 'NV005');
GO

-- Bảng 2.4.2: Chi Tiết Khen Thưởng (T9/2025)
PRINT N'3. Đang tạo dữ liệu Chi Tiết Khen Thưởng...';
INSERT INTO ChiTietKhenThuong (NgayKhenThuong, LyDo, MaKT, MaNV) VALUES
('2025-09-30', N'Nhân viên xuất sắc T9/2025 (P.PHT)', 'KT01', 'NV004'),
('2025-09-30', N'Nhân viên xuất sắc T9/2025 (P.PPTUD)', 'KT01', 'NV006'),
('2025-09-25', N'Thưởng nóng hoàn thành dự án ABC', 'KT02', 'NV005'),
('2025-09-25', N'Thưởng nóng hoàn thành dự án ABC', 'KT02', 'NV011');
GO

-- Bảng 2.5.2: Chi Tiết Kỷ Luật (T9/2025)
PRINT N'4. Đang tạo dữ liệu Chi Tiết Kỷ Luật...';
INSERT INTO ChiTietKyLuat (NgayViPham, LyDo, MaKL, MaNV) VALUES
('2025-09-04', N'Đi trễ ngày 4/9 (8h45)', 'KL01', 'NV002'),
('2025-09-11', N'Đi trễ ngày 11/9 (8h45)', 'KL01', 'NV002'),
('2025-09-10', N'Đi trễ ngày 10/9 (9h00)', 'KL01', 'NV008'),
('2025-09-30', N'Quên chấm công 3 lần', 'KL02', 'NV003');
GO

PRINT N'Hoàn tất! Dữ liệu cố định cho T9/2025 đã sẵn sàng.';
GO

-- =========================================================
-- HƯỚNG DẪN CHẠY LƯƠNG
-- =========================================================
/*
Bây giờ, bạn đã có thể chạy quy trình tính lương T9/2025.

-- BƯỚC 1: Cập nhật ngày công chuẩn cho T9/2025 (Tháng 9 có 21 ngày làm việc)
UPDATE ThamSoHeThong 
SET GiaTri = '21.0' 
WHERE MaTS = 'SONGAYCONG_CHUAN';

-- BƯỚC 2: Chạy tổng hợp công
EXEC sp_TongHopCongThang @KyLuongThang = 9, @KyLuongNam = 2025;

-- BƯỚC 3: Chạy tính lương
EXEC sp_TinhLuongThang @KyLuongThang = 9, @KyLuongNam = 2025;

-- BƯỚC 4: Xem kết quả
SELECT * FROM BangTinhLuong WHERE KyLuongThang = 9 AND KyLuongNam = 2025;
*/

-- DỮ LIỆU MẪU BẢO HIỂM (20 NHÂN VIÊN)		
-- Đã bỏ cột TrangThai (Hệ thống sẽ tự lấy giá trị mặc định)		
-- ===================================================		
INSERT INTO BaoHiem (SoSoBHXH, MaTheBHYT, NoiDKKCB, NgayCapSo, NoiCapSo, MaNV) VALUES		
-- Nhóm Lãnh đạo & Quản lý (Làm lâu năm)		
('7915000001', 'DN47915000001', N'Bệnh viện Quận 1', '2015-02-01', N'BHXH TP.HCM', 'NV001'),		
('7918000002', 'DN47918000002', N'Bệnh viện Nguyễn Trãi', '2018-06-01', N'BHXH TP.HCM', 'NV002'),		
('7919000003', 'DN47919000003', N'Bệnh viện Thống Nhất', '2019-03-15', N'BHXH TP.HCM', 'NV003'),		
('7920000004', 'DN47920000004', N'Bệnh viện Quận 12', '2020-04-01', N'BHXH TP.HCM', 'NV004'),		
('7920000005', 'DN47920000005', N'Bệnh viện Tân Phú', '2020-08-20', N'BHXH TP.HCM', 'NV005'),		
('7921000006', 'DN47921000006', N'Bệnh viện Trưng Vương', '2021-02-10', N'BHXH TP.HCM', 'NV006'),		
('7921000007', 'DN47921000007', N'Bệnh viện Gò Vấp', '2021-06-15', N'BHXH TP.HCM', 'NV007'),		
		
-- Nhóm Nhân viên cũ (2022-2023)		
('7922000008', 'DN47922000008', N'Bệnh viện Nhân Dân Gia Định', '2022-03-01', N'BHXH TP.HCM', 'NV008'),		
('7922000009', 'DN47922000009', N'Bệnh viện Bình Thạnh', '2022-07-10', N'BHXH TP.HCM', 'NV009'),		
('7923000010', 'DN47923000010', N'Bệnh viện Ung Bướu', '2023-02-05', N'BHXH TP.HCM', 'NV010'),		
('7923000011', 'DN47923000011', N'Bệnh viện Quận 3', '2023-04-15', N'BHXH TP.HCM', 'NV011'),		
('7923000012', 'DN47923000012', N'Bệnh viện Da Liễu', '2023-08-01', N'BHXH TP.HCM', 'NV012'),		
('7923000013', 'DN47923000013', N'Bệnh viện Quận 10', '2023-10-20', N'BHXH TP.HCM', 'NV013'),		
		
-- Nhóm Nhân viên mới (2024)		
('7924000014', 'DN47924000014', N'Bệnh viện Chợ Rẫy', '2024-02-02', N'BHXH TP.HCM', 'NV014'),		
('7924000015', 'DN47924000015', N'Bệnh viện 115', '2024-04-01', N'BHXH TP.HCM', 'NV015'),		
('7924000016', 'DN47924000016', N'Bệnh viện Hùng Vương', '2024-06-10', N'BHXH TP.HCM', 'NV016'),		
('7924000017', 'DN47924000017', N'Bệnh viện Nguyễn Tri Phương', '2024-08-15', N'BHXH TP.HCM', 'NV017'),		
('7924000018', 'DN47924000018', N'Bệnh viện Quận 10', '2024-10-01', N'BHXH TP.HCM', 'NV018'),		
('7924000019', 'DN47924000019', N'Bệnh viện Đại học Y Dược', '2024-11-01', N'BHXH TP.HCM', 'NV019'),		
('7922000020', 'DN47922000020', N'Bệnh viện An Bình', '2022-09-01', N'BHXH TP.HCM', 'NV020');		
GO		